Category,Category_Sales,Average_Profit
Office Supplies,587882.706999999,77.08433658730158
Furniture,710789.0128999997,12.078401365705613
Technology,802689.8799999984,117.9498173546756
